budget,seed,attribution_acc,always_self_baseline,nmse_k1,nmse_k10
20000,0,0.18912760416666666,0.99169921875,242.91982953100583,13.698606227070059
