seed,condition,trips,stale,stale_rate_per_1k,verifications
0,reliability,170,158,12.858072916666666,784
0,ablation,301,295,24.007161458333332,587
1,reliability,503,480,39.0625,1662
1,ablation,649,631,51.350911458333336,897
2,reliability,447,442,35.970052083333336,368
2,ablation,257,256,20.833333333333332,491
