seed,attribution_accuracy,always_self_baseline
0,0.07682291666666667,0.92041015625
1,0.11067708333333333,0.88525390625
2,0.169921875,0.9134114583333334
