{"budget": 113000, "seed": 0, "attribution_acc": 0.9889322916666666, "always_self_baseline": 0.9889322916666666, "nmse_k1": 8.807207569227808, "nmse_k10": 0.9484787804619207}