{"budget": 113000, "seed": 1, "attribution_acc": 0.990234375, "always_self_baseline": 0.9900716145833334, "nmse_k1": 2.112178702717975, "nmse_k10": 0.5694807830168621}