{"budget": 113000, "seed": 2, "attribution_acc": 0.6193033854166666, "always_self_baseline": 0.9884440104166666, "nmse_k1": 96.44016944769542, "nmse_k10": 5.509641367874905}