{"budget": 200000, "seed": 2, "attribution_acc": 0.9923502604166666, "always_self_baseline": 0.9923502604166666, "nmse_k1": 2.3167662758308274, "nmse_k10": 0.537559955112035}