{"budget": 20000, "seed": 0, "attribution_acc": 0.18912760416666666, "always_self_baseline": 0.99169921875, "nmse_k1": 242.91982953100583, "nmse_k10": 13.698606227070059}