{"budget": 200000, "seed": 1, "attribution_acc": 0.9866536458333334, "always_self_baseline": 0.9886067708333334, "nmse_k1": 4.082830186598719, "nmse_k10": 0.6579638467541715}