{"budget": 20000, "seed": 1, "attribution_acc": 0.0008138020833333334, "always_self_baseline": 0.990234375, "nmse_k1": 451.2437246136486, "nmse_k10": 24.635564819265067}