{"budget": 200000, "seed": 0, "attribution_acc": 0.005045572916666667, "always_self_baseline": 0.9879557291666666, "nmse_k1": 2.1246355345768144, "nmse_k10": 0.5224700688482395}