{"budget": 20000, "seed": 2, "attribution_acc": 0.0006510416666666666, "always_self_baseline": 0.9892578125, "nmse_k1": 232.2760688974091, "nmse_k10": 13.855133028957152}