{"budget": 36000, "seed": 1, "attribution_acc": 0.0078125, "always_self_baseline": 0.9908854166666666, "nmse_k1": 43.988250124325084, "nmse_k10": 2.8323986988230323}