{"budget": 36000, "seed": 2, "attribution_acc": 0.0030924479166666665, "always_self_baseline": 0.98876953125, "nmse_k1": 56.69661613160975, "nmse_k10": 3.6512811962079317}