{"budget": 36000, "seed": 0, "attribution_acc": 0.9962565104166666, "always_self_baseline": 0.9895833333333334, "nmse_k1": 91.92781426188753, "nmse_k10": 5.019400415366986}