{"budget": 63000, "seed": 0, "attribution_acc": 0.9659830729166666, "always_self_baseline": 0.9899088541666666, "nmse_k1": 12.157563914068849, "nmse_k10": 1.3583533314139102}