{"budget": 63000, "seed": 2, "attribution_acc": 0.22493489583333334, "always_self_baseline": 0.9899088541666666, "nmse_k1": 15.511634869055412, "nmse_k10": 1.3390148123542502}