{"budget": 63000, "seed": 1, "attribution_acc": 0.96826171875, "always_self_baseline": 0.9912109375, "nmse_k1": 13.678559002452225, "nmse_k10": 1.207117364430646}