{
  "seed": 0,
  "steps": 24576,
  "volatility_interval": 75,
  "region_volatility_estimate": {
    "volatile_left": 0.6035522118520014,
    "stable_right": 0.4224374722583653
  },
  "decay_curves": {
    "ages": [
      0.0,
      167.18367346938774,
      334.3673469387755,
      501.55102040816325,
      668.734693877551,
      835.9183673469387,
      1003.1020408163265,
      1170.2857142857142,
      1337.469387755102,
      1504.6530612244896,
      1671.8367346938774,
      1839.020408163265,
      2006.204081632653,
      2173.3877551020405,
      2340.5714285714284,
      2507.755102040816,
      2674.938775510204,
      2842.122448979592,
      3009.3061224489793,
      3176.4897959183672,
      3343.6734693877547,
      3510.8571428571427,
      3678.04081632653,
      3845.224489795918,
      4012.408163265306,
      4179.591836734694,
      4346.775510204081,
      4513.959183673469,
      4681.142857142857,
      4848.326530612245,
      5015.510204081632,
      5182.69387755102,
      5349.877551020408,
      5517.061224489796,
      5684.244897959184,
      5851.428571428571,
      6018.612244897959,
      6185.7959183673465,
      6352.9795918367345,
      6520.1632653061215,
      6687.346938775509,
      6854.530612244897,
      7021.714285714285,
      7188.897959183673,
      7356.08163265306,
      7523.265306122448,
      7690.448979591836,
      7857.632653061224,
      8024.816326530612,
      8192.0
    ],
    "volatile_left": [
      0.43560492992401123,
      0.4343753457069397,
      0.433146595954895,
      0.4319186508655548,
      0.43069151043891907,
      0.42946529388427734,
      0.4282398819923401,
      0.42701539397239685,
      0.42579177021980286,
      0.4245690405368805,
      0.4233472943305969,
      0.422126442193985,
      0.42090651392936707,
      0.4196875989437103,
      0.4184696078300476,
      0.41725268959999084,
      0.4160366952419281,
      0.4148217737674713,
      0.4136078655719757,
      0.41239503026008606,
      0.4111832082271576,
      0.40997248888015747,
      0.4087629020214081,
      0.40755438804626465,
      0.40634697675704956,
      0.4051406681537628,
      0.40393558144569397,
      0.40273162722587585,
      0.40152880549430847,
      0.4003271758556366,
      0.3991267681121826,
      0.39792758226394653,
      0.39672961831092834,
      0.39553284645080566,
      0.39433738589286804,
      0.3931431174278259,
      0.39195021986961365,
      0.39075854420661926,
      0.38956817984580994,
      0.3883790969848633,
      0.38719138503074646,
      0.3860050141811371,
      0.38481998443603516,
      0.38363632559776306,
      0.3824540674686432,
      0.38127315044403076,
      0.38009366393089294,
      0.37891557812690735,
      0.377738893032074,
      0.37656369805336
    ],
    "stable_right": [
      0.4443865716457367,
      0.44315168261528015,
      0.4419175088405609,
      0.4406840205192566,
      0.43945127725601196,
      0.438219279050827,
      0.4369879961013794,
      0.4357575476169586,
      0.4345279037952423,
      0.4332990050315857,
      0.4320709705352783,
      0.4308437407016754,
      0.42961740493774414,
      0.42839187383651733,
      0.42716726660728455,
      0.4259435534477234,
      0.42472073435783386,
      0.42349883913993835,
      0.42227786779403687,
      0.4210578203201294,
      0.4198387861251831,
      0.4186207056045532,
      0.41740360856056213,
      0.4161875545978546,
      0.4149724841117859,
      0.41375842690467834,
      0.41254547238349915,
      0.41133353114128113,
      0.41012266278266907,
      0.40891292691230774,
      0.40770426392555237,
      0.40649673342704773,
      0.40529030561447144,
      0.40408504009246826,
      0.4028809368610382,
      0.4016779959201813,
      0.40047624707221985,
      0.39927569031715393,
      0.3980763256549835,
      0.396878182888031,
      0.3956812918186188,
      0.3944856524467468,
      0.3932912349700928,
      0.39209818840026855,
      0.39090636372566223,
      0.3897158205509186,
      0.3885266184806824,
      0.38733869791030884,
      0.38615214824676514,
      0.38496696949005127
    ]
  },
  "ece_10bin": 0.039521977032286895,
  "ece_bins": [
    {
      "bin_lo": 0.30000000000000004,
      "bin_hi": 0.4,
      "confidence": 0.39812058210372925,
      "accuracy": 0.03696051423324151,
      "count": 33
    },
    {
      "bin_lo": 0.4,
      "bin_hi": 0.5,
      "confidence": 0.4363723397254944,
      "accuracy": 0.40093269230769235,
      "count": 2600
    }
  ],
  "stale_trip": {
    "reliability": {
      "run_dir": "runs_5b\\20260707-233148",
      "trips": 2179,
      "stale_trips": 2150,
      "arbiter_ticks": 24576,
      "stale_trip_rate_per_1k": 87.48372395833333,
      "verifications": 2633
    },
    "ablation": {
      "run_dir": "runs_5b\\20260707-233503",
      "trips": 693,
      "stale_trips": 681,
      "arbiter_ticks": 24576,
      "stale_trip_rate_per_1k": 27.7099609375,
      "verifications": 2513
    }
  }
}