{"body_ce": 0.000588229761342518, "body_brier": 1.3024714411891125e-06, "nmse_k1": 79.88314056396484, "nmse_k10": 3.6497641086578367}