{"body_ce": 0.040613842220045625, "body_brier": 0.009684801126604725, "nmse_k1": 7.922561550140381, "nmse_k10": 0.8778468251228333}