{"body_ce": 0.08712576869875192, "body_brier": 0.023086549062281848, "nmse_k1": 8.538524055480957, "nmse_k10": 1.0025997400283813}