{"body_ce": 0.07517835572361946, "body_brier": 0.02291367817670107, "nmse_k1": 194.646826171875, "nmse_k10": 10.871629333496093}