{"body_ce": 0.04710163150448352, "body_brier": 0.015764958265310724, "nmse_k1": 50.403649139404294, "nmse_k10": 2.2078755378723143}