{"body_ce": 0.13432038202881813, "body_brier": 0.04630646239966154, "nmse_k1": 155.34881896972655, "nmse_k10": 8.7892822265625}